molecule_chembl_id,class,canonical_smiles,MW,LogP,NumHDonors,NumHAcceptors,pIC50
CHEMBL535,active,CCN(CC)CCNC(=O)c1c(C)[nH]c(/C=C2\C(=O)Nc3ccc(F)cc32)c1C,398.48200000000014,3.3349400000000013,3,3,7.2076083105017466
CHEMBL281957,active,CCN(CC)C/C=C/c1nc(O)c2c(ccc3nc(Nc4c(Cl)cccc4Cl)n(C)c32)c1C,484.4310000000002,6.540920000000006,2,6,6.0
CHEMBL437885,inactive,COc1cc2ncnc(Nc3cccc(Cl)c3F)c2cc1CN1CCCC1,386.8580000000003,4.770300000000004,1,5,5.0
CHEMBL207815,inactive,COCCN1CC(C(N)=O)(N(C)Cc2cc3c(Nc4cccc(Cl)c4F)ncnc3cc2OC)C1,502.97800000000024,2.7924000000000007,2,8,5.0
CHEMBL425601,inactive,COc1cc2ncnc(Nc3cccc(Cl)c3F)c2cc1CN(C)C1(C(N)=O)CN(C(C)C)C1,486.9790000000004,3.554400000000003,2,7,5.0
CHEMBL207718,inactive,COc1cc2ncnc(Nc3cccc(Cl)c3F)c2cc1CN(C)C1(C(N)=O)CN(C)C1,458.92500000000035,2.775800000000001,2,7,5.0
CHEMBL383246,inactive,COc1cc2ncnc(Nc3cccc(Cl)c3F)c2cc1CN(C)C1(C(N)=O)CCN(C(C)C)CC1,515.0330000000004,4.334600000000004,2,7,5.0
CHEMBL207130,inactive,COc1cc2ncnc(Nc3cccc(Cl)c3F)c2cc1CN(C)C1(C(N)=O)CCN(C)CC1,486.97900000000044,3.5560000000000027,2,7,5.0
CHEMBL380889,inactive,COc1cc2ncnc(Nc3cccc(Cl)c3F)c2cc1CN(C)[C@@H](CN(C)C)C(N)=O,460.9410000000003,3.0218000000000007,2,7,5.0
CHEMBL207445,inactive,COCC[C@@H](C(N)=O)N(C)Cc1cc2c(Nc3cccc(Cl)c3F)ncnc2cc1OC,461.9250000000001,3.4967000000000015,2,7,5.0
CHEMBL379905,inactive,COC[C@@H](C(N)=O)N(C)Cc1cc2c(Nc3cccc(Cl)c3F)ncnc2cc1OC,447.8980000000002,3.106600000000002,2,7,5.0
CHEMBL208286,inactive,COc1cc2ncnc(Nc3cccc(Cl)c3F)c2cc1CN(C)[C@@H](CO)C(N)=O,433.87100000000027,2.4525,3,7,5.0
CHEMBL376967,inactive,COc1cc2ncnc(Nc3cccc(Cl)c3F)c2cc1CN(CCN(C)C)[C@@H](C)C(N)=O,474.96800000000036,3.411900000000002,2,7,5.0
CHEMBL382823,inactive,COCCN(Cc1cc2c(Nc3cccc(Cl)c3F)ncnc2cc1OC)[C@@H](C)C(N)=O,461.92500000000024,3.4967000000000006,2,7,5.0
CHEMBL208048,inactive,COc1cc2ncnc(Nc3cccc(Cl)c3F)c2cc1CN(C(C)C)[C@@H](C)C(N)=O,445.9260000000003,4.258700000000004,2,6,5.0
CHEMBL378370,inactive,COc1cc2ncnc(Nc3cccc(Cl)c3F)c2cc1CN(C)C1CCNC1=O,429.88300000000027,3.4948000000000023,2,6,5.0
CHEMBL380006,inactive,COc1cc2ncnc(Nc3cccc(Cl)c3F)c2cc1CN(C)[C@H](C)C(=O)N(C)C,445.9260000000003,4.083000000000004,1,6,5.0
CHEMBL211003,inactive,CNC(=O)[C@@H](C)N(C)Cc1cc2c(Nc3cccc(Cl)c3F)ncnc2cc1OC,431.89900000000017,3.740800000000002,2,6,5.0
CHEMBL207687,inactive,COc1cc2ncnc(Nc3cccc(Cl)c3F)c2cc1CN(C)[C@@H](C)C(N)=O,417.87200000000024,3.480100000000002,2,6,5.0
CHEMBL208118,inactive,COc1cc2ncnc(Nc3cccc(Cl)c3F)c2cc1CN(C)[C@H](C)C(N)=O,417.87200000000024,3.480100000000002,2,6,5.0
CHEMBL379601,inactive,COc1cc2ncnc(Nc3cccc(Cl)c3F)c2cc1CN(C)CC(N)=O,403.84500000000025,3.0916000000000015,2,6,5.0
CHEMBL380386,inactive,COc1cc2ncnc(Nc3cccc(Cl)c3F)c2cc1CN[C@H](C)C(N)=O,403.8450000000002,3.137900000000001,3,6,5.0
CHEMBL207037,inactive,COc1cc2ncnc(Nc3cccc(Cl)c3F)c2cc1CN1CC(C(N)=O)C1,415.8560000000003,3.0916000000000015,2,6,5.0
CHEMBL207246,inactive,COc1cc2ncnc(Nc3cccc(Cl)c3F)c2cc1CN1CCC1C(N)=O,415.8560000000003,3.2341000000000015,2,6,5.0
CHEMBL207674,inactive,COc1cc2ncnc(Nc3cccc(Cl)c3F)c2cc1CN1CCOCC1C(N)=O,445.88200000000035,2.8606000000000007,2,7,5.0
CHEMBL206783,inactive,COc1cc2ncnc(Nc3cccc(Cl)c3F)c2cc1CN1CCCC[C@@H]1C(N)=O,443.91000000000037,4.014300000000003,2,6,5.0
CHEMBL204420,inactive,COc1cc2ncnc(Nc3cccc(Cl)c3F)c2cc1CN1CCN(C)CC1C(N)=O,458.92500000000035,2.7758000000000003,2,7,5.0
CHEMBL377772,inactive,COc1cc2ncnc(Nc3cccc(Cl)c3F)c2cc1CN1CCC[C@H]1CC(N)=O,443.91000000000037,4.014300000000003,2,6,5.0
CHEMBL380454,inactive,COc1cc2ncnc(Nc3cccc(Cl)c3F)c2cc1CN1CC[C@H](C(N)=O)C1,429.8830000000003,3.481700000000002,2,6,5.0
CHEMBL382822,inactive,COc1cc2ncnc(Nc3cccc(Cl)c3F)c2cc1CN1CCC[C@@H]1C(=O)N(C)C,457.93700000000035,4.227100000000004,1,6,5.0
CHEMBL383760,inactive,CNC(=O)[C@H]1CCCN1Cc1cc2c(Nc3cccc(Cl)c3F)ncnc2cc1OC,443.91000000000014,3.884900000000002,2,6,5.0
CHEMBL207235,inactive,COc1cc2ncnc(Nc3cccc(Cl)c3F)c2cc1CN1C[C@H](OC)C[C@@H]1C(N)=O,459.90900000000033,3.249100000000001,2,7,5.0
CHEMBL208292,inactive,COc1cc2ncnc(Nc3cccc(Cl)c3F)c2cc1CN1CCC[C@@H]1C(N)=O,429.8830000000003,3.624200000000002,2,6,5.0
CHEMBL207584,inactive,COc1cc2ncnc(Nc3cccc(Cl)c3F)c2cc1CN1CCC[C@H]1C(N)=O,429.8830000000003,3.624200000000002,2,6,5.0
CHEMBL382638,inactive,COc1cc2ncnc(Nc3ccc(F)c(Cl)c3)c2cc1CN1CCC[C@H]1C(N)=O,429.8830000000003,3.624200000000002,2,6,5.0
CHEMBL206955,inactive,COc1cc2ncnc(Nc3ccc(F)c(Cl)c3)c2cc1CN1CCC[C@@H]1C(N)=O,429.8830000000003,3.624200000000002,2,6,5.0
CHEMBL215652,inactive,CC(C)c1nnc2ccc(-c3ocnc3-c3ccc(F)cc3Cl)cn12,356.78800000000007,4.967200000000003,0,5,5.0
CHEMBL213423,inactive,CC(C)c1nnc2ccc(-c3ocnc3-c3cc(F)c(F)cc3F)cn12,358.32300000000004,4.592000000000002,0,5,5.0
CHEMBL213451,inactive,CCNc1nnc2ccc(-c3ocnc3-c3ccc(F)cc3)cn12,323.331,3.622200000000002,1,6,5.0
CHEMBL212382,inactive,CC(C)(C)c1nnc2ccc(-c3ocnc3-c3ccc(F)cc3F)cn12,354.36,4.627000000000003,0,5,5.0
CHEMBL212968,inactive,CC(C)(C)c1nnc2ccc(-c3ocnc3-c3cc(F)c(F)cc3F)cn12,372.35,4.766100000000003,0,5,5.0
CHEMBL214198,inactive,CC(C)c1nnc2ccc(-c3c[nH]nc3-c3cc(F)ccc3F)cn12,339.349,4.188000000000002,1,4,5.0
CHEMBL379929,inactive,CC(C)c1nnc2ccc(-c3ocnc3-c3ccccc3)cn12,304.353,4.174700000000003,0,5,5.0
CHEMBL395080,inactive,COc1cc(-c2ccc3c(c2)Nc2ccc(CC(=O)Nc4ccc(N5CCOCC5)cc4)cc2NC3=O)ccc1N,549.6310000000002,5.271500000000002,4,7,4.301029995663981
CHEMBL389745,inactive,COc1cc(-c2ccc3c(c2)Nc2ccc(C(C)(C)C(=O)Nc4ccc(N5CCOCC5)cc4)cc2NC3=O)ccc1N,577.6850000000002,6.006600000000003,4,7,5.0
CHEMBL324153,active,c1cc(-c2cnn3cc(-c4ccc(OCCN5CCOCC5)cc4)cnc23)ccn1,401.4700000000001,3.1693000000000016,0,7,6.552841968657781
CHEMBL1271480,active,O=c1ccc(-c2cnn3cc(-c4ccc(OCCN5CCOCC5)cc4)cnc23)c[nH]1,417.4690000000002,2.4626,1,7,7.221848749616356
CHEMBL1271481,active,O=c1cc(-c2cnn3cc(-c4ccc(OCCN5CCOCC5)cc4)cnc23)cc[nH]1,417.46900000000016,2.4626,1,7,6.568636235841013
CHEMBL1271532,active,c1cc(-c2cnc3c(-c4cn[nH]c4)cnn3c2)ccc1OCCN1CCOCC1,390.44700000000034,2.4974,1,7,6.853871964321762
CHEMBL1271533,active,Nc1cc(-c2cnn3cc(-c4ccc(OCCN5CCOCC5)cc4)cnc23)ccn1,416.4850000000002,2.751500000000001,1,8,6.657577319177793
CHEMBL3361128,inactive,O=C1/C(=C\c2ccc(O)c(O)c2)Oc2ccccc21,254.24099999999999,2.7140000000000013,2,4,4.709965388637482
CHEMBL3741589,inactive,O=C(O)C1CN(Cc2ccc(OCc3ccc(Cl)c(Cl)c3)cc2)C1,366.24400000000014,4.0888000000000035,1,3,5.0
CHEMBL4078893,inactive,FC(F)(F)CNc1nc(Nc2ccc(N3CCOCC3)c(Cl)c2)nc2ccoc12,427.81400000000025,4.430600000000002,2,7,5.0
CHEMBL4066664,inactive,FC(F)(F)CNc1nc(Nc2ccc3cn[nH]c3c2)nc2ccoc12,348.2880000000001,3.8169000000000004,3,6,5.0
CHEMBL4069365,inactive,CC1(C)OCC(=O)Nc2cc(Nc3nc(NCC(F)(F)F)c4occc4n3)ccc21,421.37900000000013,4.144400000000002,3,7,5.0
CHEMBL4062803,inactive,Cc1n[nH]c2cc(Nc3nc(NC4CC4)c4occc4n3)ccc12,320.356,3.7254200000000015,3,6,5.0
CHEMBL4245507,inactive,O=C(Cc1cccc(OCCCN2CCNCC2)c1)Nc1nc(-c2ccncc2)cs1,437.569,3.0604000000000005,2,7,5.0
CHEMBL4641408,active,c1cc(-c2cc[nH]n2)cc(-c2ccc(OCCN3CCCCC3)cc2)n1,348.4500000000001,4.003400000000003,1,4,6.273680387889224
CHEMBL3440842,inactive,c1cncc(-c2ccc3c(c2)C2(CCNCC2)CC3)c1,264.3719999999999,3.3160000000000016,1,2,4.0
CHEMBL3440843,inactive,c1cc(-c2ccc3c(c2)CCC32CCNCC2)ccn1,264.3719999999999,3.3160000000000016,1,2,4.0
CHEMBL3440894,inactive,c1cc(-c2ccc3c(c2)C2(CCNCC2)CC3)ccn1,264.3719999999999,3.3160000000000016,1,2,4.0
CHEMBL3453884,inactive,CC(C)C1CCCN1C(=O)Nc1ccc(=O)n(C)c1,263.341,2.0376,1,3,4.0
CHEMBL3452088,inactive,CCn1cc(NC(=O)NCCN2CCCCCC2=O)cn1,293.3709999999999,1.4270999999999994,2,4,4.0
CHEMBL3452104,inactive,CC(C)(C)NC(=O)CNc1ncccn1,208.26500000000001,0.8031999999999994,2,4,4.0
CHEMBL3455815,inactive,CCCS(=O)(=O)N1CCN(CCCO)CC1,250.36399999999992,-0.2737999999999994,1,4,4.0
CHEMBL3436647,inactive,CN(C)c1nc2sc(C(=O)N3CCN(C(=O)OC(C)(C)C)CC3)cc2s1,396.5380000000002,3.1167000000000016,0,7,4.0
CHEMBL1495961,inactive,Cc1ccc(NC(=O)c2cc(S(=O)(=O)N3CCCCC3)c[nH]2)cc1F,365.4300000000001,2.889120000000001,2,3,4.0
CHEMBL3455875,inactive,CC(C)COc1cncc(N2CCCN(c3ncccn3)CC2)n1,328.4200000000001,2.0180999999999996,0,7,4.0
CHEMBL3444103,inactive,CCn1nc(C)c2ccn(CC(=O)NC3CCCC3)c(=O)c21,302.37800000000004,1.5851199999999992,1,5,4.0
CHEMBL3455995,inactive,O=C1CN(C(=O)c2cc3ccc(Br)cc3[nH]2)CCN1,322.16200000000003,1.5024,2,2,4.0
CHEMBL3469992,inactive,Cc1nn(C)c(N2CCOCC2)c1CNC(C)c1ccco1,304.394,2.00892,1,6,4.0
CHEMBL3470010,inactive,CC(CN1CCN(C)CC1)NC(=O)c1cc(Cl)c2c(c1)OCO2,339.82300000000015,1.4344,1,5,4.0
CHEMBL3470011,inactive,CCc1nnc2n1CCN(C(=O)c1ccc3nc(C)c(C)nc3c1)C2,336.3990000000001,2.05654,0,6,4.0
CHEMBL3446332,inactive,CCNC(=O)c1nnc2ccc(N3CCOCC3)cc2n1,287.323,0.6110999999999995,1,6,4.0
CHEMBL3446334,inactive,O=C(NCc1ccccc1)c1nnc2ccc(N3CCOCC3)cc2n1,349.3940000000002,1.7913999999999999,1,6,4.0
CHEMBL3471696,inactive,CC(C)n1ccc(-c2cc(C(=O)N3CCCC3)c3ccccn23)n1,322.4119999999999,3.6197000000000026,0,4,4.0
CHEMBL3498471,inactive,c1ccc(OC[C@@H]2CCC[C@@]23CNCCO3)nc1,248.32599999999996,1.6190999999999998,1,4,4.0
CHEMBL3498472,inactive,c1cc(COC[C@@H]2CCC[C@@]23CNCCO3)ccn1,262.35299999999995,1.7569,1,4,4.0
CHEMBL3498473,inactive,c1cncc(OC[C@@H]2CCC[C@@]23CNCCO3)c1,248.32599999999994,1.6191,1,4,4.0
CHEMBL3471698,inactive,CC(C)NC(=O)N1CC[C@@H]2CN(Cc3ccccc3)S(=O)(=O)[C@@H]2CC1,365.49900000000014,2.0305999999999997,1,3,4.0
CHEMBL3504591,inactive,FC1(F)CCN(Cc2ccccn2)CC12CCN(c1cccnc1)C2,344.4090000000001,3.2143000000000024,0,4,4.0
CHEMBL3444413,inactive,CC1(C)Cc2ccccc2-c2nc(NCCO)[nH]c(=O)c21,285.34700000000004,1.6747999999999998,3,4,4.722070511373236
CHEMBL3469701,inactive,CN(C)C(=O)Cc1nc(CN2CCCCC2Cn2cccn2)cs1,347.48799999999994,2.0249999999999995,0,6,4.0
CHEMBL3471859,inactive,C[C@H]1C[C@@H]2CCN(Cc3ccccn3)C[C@H]2O1,232.32700000000003,2.0808999999999997,0,3,4.0
CHEMBL3469831,inactive,CCS(=O)(=O)CC(=O)NC(c1ccc(F)cc1)C1CCCC1,327.42100000000016,2.6079000000000008,1,3,4.0
CHEMBL3469870,inactive,CCc1csc(C2CCCN(C(=O)c3cnn(CC)c3)C2)n1,318.4460000000001,2.941700000000001,0,5,4.0
CHEMBL3500897,inactive,Cc1ccc2c(n1)N(C)CCN(C(=O)NC1CC1)C2,260.341,1.51382,1,3,4.0
CHEMBL3446709,inactive,CC(C)c1cc(C(=O)NCCc2nc(-c3cccnc3)n[nH]2)[nH]n1,325.3759999999999,1.6856999999999998,3,5,4.471224018510919
CHEMBL3444831,inactive,O=C(NCC1CC1)C1CN(C(=O)c2cccc(Cl)c2)CC12CCOCC2,376.8840000000003,2.7350000000000003,1,3,4.0
CHEMBL3501058,inactive,CN(C)S(=O)(=O)N1C[C@H](Oc2cccnc2)[C@H]2OCCC[C@H]21,327.4060000000002,0.4985999999999995,0,5,4.0
CHEMBL3444873,inactive,CO[C@@H]1CC[C@H]2[C@H]1OCCN2C(=O)c1ccc(C)o1,265.30899999999997,1.60642,0,4,4.0
CHEMBL3444874,inactive,Cc1ccsc1C(=O)N1CC(C(=O)NCC2CC2)C2(CCOCC2)C1,362.4950000000003,2.4515200000000004,1,4,4.0
CHEMBL3444875,inactive,Cc1ccsc1C(=O)N1CC(C(=O)N2CCOCC2)C2(CCOCC2)C1,378.4940000000003,1.7841200000000002,0,5,4.0
CHEMBL3450410,inactive,Cc1cc(-c2cnc(NC3CC3)nc2-c2ccc(C)o2)on1,296.33000000000004,3.582740000000001,1,6,4.217682774992047
CHEMBL3449567,inactive,Cc1cc(-c2cnc(NC3CCCC3)nc2-c2ccco2)on1,310.357,4.054520000000002,1,6,4.667442176006099
CHEMBL3449568,inactive,Cc1cc(-c2cnc(NC3CCCCC3)nc2-c2ccco2)on1,324.384,4.444620000000003,1,6,4.0
CHEMBL3449573,inactive,Cc1cc(-c2cnc(NC3CCCC3)nc2-c2ccc(C)o2)on1,324.38400000000007,4.362940000000003,1,6,4.817211992013137
CHEMBL3449584,inactive,Cc1cc(-c2cnc(NC3CC3)nc2-c2ccco2)on1,282.303,3.2743200000000003,1,6,4.0
CHEMBL3449585,inactive,Cc1cc(-c2cnc(NC3CC3)nc2-c2ccoc2C)on1,296.33000000000004,3.582740000000001,1,6,4.0
CHEMBL3449586,inactive,Cc1cc(-c2cnc(NC3CC3)nc2-c2ccoc2)on1,282.303,3.2743200000000003,1,6,4.0
CHEMBL3449593,inactive,Cc1occc1-c1nc(NC2CCCC2)ncc1-c1ccccn1,320.39599999999996,4.461520000000004,1,5,4.0
CHEMBL3450463,inactive,Cc1cc(-c2cnc(NC3CCCC3)nc2-c2ccoc2C)on1,324.38400000000007,4.362940000000003,1,6,3.5400000004708225
CHEMBL3449667,inactive,Cc1cc(-c2cnc(NC3CCCC3)nc2-c2ccoc2)on1,310.357,4.054520000000002,1,6,4.0
CHEMBL3476014,inactive,COc1cc(-c2cccc3c2OC(CN)C3)ccc1O,271.3159999999999,2.3300000000000005,2,4,4.6560485328561345
CHEMBL3478046,inactive,Cn1cnc(S(=O)(=O)N2C[C@@H]3CC[C@H](C2)N(Cc2ccccn2)C3)c1,361.47100000000006,1.1001999999999992,0,6,4.0
CHEMBL3479102,inactive,COc1ccc(CC2(CO)CCN(c3cc(C#N)ccn3)CC2)cc1,337.42300000000006,2.783480000000001,1,5,4.0
CHEMBL3478357,inactive,CN(C)S(=O)(=O)NC1CCCc2c1cnn2-c1ccc(C(C)(C)C)cc1,376.5260000000001,2.943200000000001,1,4,4.0
CHEMBL3478563,inactive,CN1CCC(c2n[nH]c(=O)n2-c2cccc(Cl)c2)CC1,292.7700000000001,2.0231999999999997,1,4,4.0
CHEMBL3477688,inactive,NCC1Cc2cccc(-c3ccc(O)c(F)c3)c2O1,259.28,2.4605000000000006,2,3,4.898337800436037
CHEMBL3473024,inactive,CNc1nc(C(=O)N2CCCC(COc3ccc(F)cc3)C2)cs1,349.43100000000004,3.2551000000000023,1,5,4.0
CHEMBL3485062,inactive,Cn1ncc2c(NC3CCC3)nc(-c3ccncc3)nc21,280.33500000000004,2.3897000000000004,1,6,4.0
CHEMBL3483391,inactive,Cc1nc(N)nc(C)c1CC(=O)N1CCC2(CC1)OCCCC2O,334.4200000000001,0.7506399999999998,2,6,4.0
CHEMBL3481587,inactive,O=C1CC2(CCN(Cc3ccc(-c4ccccc4)s3)C2)C(=O)N1,326.4210000000001,2.6537000000000006,1,4,4.0
CHEMBL3486487,inactive,Cc1nc(N2CCN(C)CC2)ncc1C(=O)N1CCC(O)(CO)CC1,349.4350000000002,-0.5037799999999983,2,7,4.0
CHEMBL3486500,inactive,CCc1cc(NCCc2ccc(O)cc2)n2nccc2n1,282.34700000000004,2.6519000000000004,2,5,4.437630635061969
CHEMBL3486508,inactive,COc1ccccc1OCc1cc(C(=O)N2CC(O)C2)n[nH]1,303.318,0.8139999999999998,2,5,4.0
CHEMBL3496402,inactive,CCc1cc(C)c(C(=O)N2CCCC2CC(=O)c2cnn(C)c2)o1,329.4,2.761520000000001,0,5,4.0
CHEMBL3494603,inactive,CCOc1cc(C)nc(N2CCN(C(=O)CC)CC2)n1,278.35599999999994,1.2423199999999999,0,5,4.0
CHEMBL3496448,inactive,CCOc1cccc2c1OCC(C(=O)NS(=O)(=O)c1ccc(Cl)cc1)=C2,393.84800000000007,3.0196000000000014,1,5,4.0
CHEMBL3496517,inactive,CC(C)OCCCNC(=O)c1ccc(-c2ccco2)[nH]c1=O,304.34600000000006,2.1797999999999997,2,4,4.0
CHEMBL3494714,inactive,Cc1cnn(CC2CN(Cc3nnc(-c4occc4C)o3)CCO2)c1,343.38700000000017,2.04394,0,8,4.0
CHEMBL3496590,inactive,CCOCC(O)CN1CCN(C(=O)C2CC2)CC1,256.34599999999995,-0.06199999999999939,1,4,4.0
CHEMBL3496591,inactive,CC(C)c1nc2n(n1)CC(NCc1nnc(C(C)C)o1)CC2,304.39800000000014,2.0124999999999993,1,7,4.0
CHEMBL3496614,inactive,COc1cc(C(=O)N2CCCC(CNS(C)(=O)=O)C2)cc(OC)c1C,370.4710000000002,1.41362,1,5,4.0
CHEMBL3491021,inactive,Cc1ccnc(NC(=O)c2[nH]nc(C(C)C)c2Br)c1,323.194,3.2513200000000015,2,3,4.0
CHEMBL3491022,inactive,CC(C)c1n[nH]c(C(=O)NC(C)c2ccncc2)c1Br,337.221,3.1816000000000013,2,3,4.0
CHEMBL3491026,inactive,CC(C)c1n[nH]c(C(=O)Nc2ccccn2)c1Br,309.16700000000003,2.9429000000000007,2,3,4.0
CHEMBL3491029,inactive,Cc1cccc(NC(=O)c2[nH]nc(C(C)C)c2Br)n1,323.194,3.2513200000000007,2,3,4.0
CHEMBL3494751,inactive,Cc1cnn(CC2CN(Cc3nnc(C4CC4)o3)CCO2)c1,303.3660000000001,1.3529199999999995,0,7,4.0
CHEMBL3494766,inactive,CNC(=O)c1cccc(NC(=O)Cn2nc(-c3cccs3)oc2=O)c1,358.379,1.5631,2,7,4.0
CHEMBL3494770,inactive,O=C(CN1CC(n2cccn2)C1)NCCc1c[nH]c2ccccc12,323.40000000000003,1.5799999999999998,2,4,4.0
CHEMBL3494800,inactive,CC1COCCN1Cc1nc(-c2cccs2)no1,265.338,2.0187999999999997,0,6,4.0
CHEMBL3495696,inactive,CC(C)c1n[nH]c(C(=O)Nc2ccncc2)c1Br,309.16700000000003,2.9429000000000007,2,3,4.374098769202441
CHEMBL3498311,inactive,COc1cc(CNC2CCCc3c2cnn3C)cc(OC)c1,301.39000000000004,2.6045000000000007,1,5,4.0
CHEMBL3493915,inactive,Cc1ccc(C(=O)Nc2cc(C(C)C)n[nH]2)cn1,244.29800000000003,2.4888199999999996,2,3,4.951074061014379
CHEMBL3495869,inactive,Cc1cccc(-c2nc(CN3CCc4cnc(C)nc4C3)no2)c1,321.38400000000007,2.701740000000001,0,6,4.0
CHEMBL3487608,inactive,CC(C)c1cc(NC(=O)c2ccncc2)[nH]n1,230.27100000000002,2.1803999999999997,2,3,4.474226837538422
CHEMBL3487609,inactive,CC(C)c1cc(NC(=O)c2cccnc2)[nH]n1,230.27100000000002,2.1803999999999997,2,3,4.473043584205375
CHEMBL3487613,inactive,Cc1ccc(CC(=O)Nc2cc(C(C)C)n[nH]2)cn1,258.32500000000005,2.41772,2,3,4.0
CHEMBL3497015,inactive,O=C(NCCNc1ccc(C(F)(F)F)cn1)c1cncc(Br)c1,389.175,3.099800000000001,2,4,4.385438332259947
CHEMBL3496195,inactive,Cc1nc(C)n(CC2CCCN(c3ncnc4[nH]ccc34)C2)n1,311.3930000000001,2.08284,1,6,4.525347620177834
CHEMBL3496335,inactive,COc1cc(/C=C/c2ncc(C(=O)O)s2)cc(Cl)c1O,311.74600000000004,3.379300000000001,2,5,4.507083516446103
CHEMBL3496381,inactive,CN1CCCc2cc(CNC(=O)c3ccc(NC4CC4)nc3)ccc21,336.4390000000001,2.968300000000001,2,4,4.149518509439639
CHEMBL5179319,active,COc1ccc(CC2CCN(C(=O)c3ccc(C(=O)NC4CCN(Cc5ccc(C#N)cc5)CC4)nc3)CC2)cc1,551.6910000000004,4.451180000000004,1,6,8.154901959985743
CHEMBL5197719,active,N#Cc1ccc(CC2CCN(C(=O)c3ccc(C(=O)NC4CCN(Cc5ccc(C#N)cc5)CC4)nc3)CC2)cc1,546.6750000000003,4.3142600000000035,1,6,7.481486060122112
CHEMBL5174868,active,N#Cc1ccc(CN2CCC(NC(=O)c3ccc(C(=O)N4CCC(Oc5ccc(C#N)cc5)CC4)cn3)CC2)cc1,548.6470000000004,3.902960000000003,1,7,6.903089986991944
CHEMBL5194603,active,N#Cc1ccc(CN2CCC(NC(=O)c3ccc(C(=O)N4CCC(Oc5ccc(C#N)cc5)CC4)nc3)CC2)cc1,548.6470000000004,3.902960000000003,1,7,6.3223930472795065
CHEMBL5203262,active,N#Cc1ccc(CN2CCC(NC(=O)c3ccc(C(=O)N4CCC(Oc5ccc(F)cc5F)CC4)cn3)CC2)cc1,559.6170000000002,4.309480000000004,1,6,7.657577319177793
CHEMBL5184733,active,N#Cc1ccc(CN2CCC(NC(=O)c3ccc(C(=O)N4CCC(Oc5ccc(F)cc5F)CC4)nc3)CC2)cc1,559.6170000000002,4.309480000000004,1,6,6.282329496997738
CHEMBL5194054,active,N#Cc1ccc(CN2CCC(NC(=O)c3ccc(C(=O)N4CCC(C(=O)c5ccc(F)cc5)CC4)cn3)CC2)cc1,553.6380000000003,4.221880000000004,1,6,7.6777807052660805
CHEMBL5186795,active,N#Cc1ccc(CN2CCC(NC(=O)c3ccc(C(=O)N4CCC(C(=O)c5ccc(C#N)cc5)CC4)cn3)CC2)cc1,560.6580000000002,3.9544600000000028,1,7,6.100179497572904
CHEMBL5178852,active,COc1ccc(OC2CCN(C(=O)c3ccc(C(=O)NC4CCN(Cc5ccc(C#N)cc5)CC4)nc3)CC2)cc1,553.6630000000002,4.039880000000004,1,7,7.221848749616356
CHEMBL3393137,active,COc1ccc(C(=O)C2CCN(C(=O)c3ccc(C(=O)NC4CCN(Cc5ccc(C#N)cc5)CC4)cn3)CC2)cc1,565.6740000000002,4.091380000000004,1,7,8.549750891680638
CHEMBL5203450,active,N#Cc1ccc(CN2CCC(NC(=O)c3ccc(C(=O)N4CCC(C(=O)c5ccc(F)cc5F)CC4)cn3)CC2)cc1,571.6280000000002,4.360980000000004,1,6,8.096910013008056
CHEMBL5181121,active,N#Cc1ccc(CN2CCC(NC(=O)c3ccc(C(=O)N4CCC(C(O)c5ccc(F)cc5)CC4)cn3)CC2)cc1,555.6540000000002,4.072580000000004,2,6,6.208309350979882
CHEMBL5180431,active,N#Cc1ccc(CN2CCC(NC(=O)c3ccc(C(=O)N4CCC(F)(C(=O)c5ccc(F)cc5)CC4)cn3)CC2)cc1,571.6280000000002,4.313980000000004,1,6,7.795880017344075
CHEMBL5183579,active,N#Cc1ccc(CN2CCC(NC(=O)c3ccc(C(=O)N4CCC(C(F)c5ccc(F)cc5)CC4)cn3)CC2)cc1,557.6450000000002,5.049780000000005,1,5,9.0
CHEMBL5205646,active,COc1ccc(C(=O)C2CCN(C(=O)c3ccc(C(=O)NC4CCN(Cc5ccc(OC(F)(F)F)cc5)CC4)cn3)CC2)cc1,624.6599999999999,5.118300000000005,1,7,6.086186147616283
CHEMBL5182648,active,O=C(NC1CCN(Cc2ccc(F)cc2)CC1)c1ccc(C(=O)N2CCC(C(=O)c3ccc(N4CCCC4)cc3)CC2)nc1,597.7350000000002,4.950400000000005,1,6,6.136677139879544
CHEMBL5207987,active,COc1ccc(CN2CCC(NC(=O)c3ccc(C(=O)N4CCC(C(=O)c5ccc(N6CCCC6)cc5)CC4)nc3)CC2)cc1,609.7710000000001,4.819900000000005,1,7,6.698970004336019
CHEMBL5206274,active,O=C(NC1CCN(Cc2ccc(F)cc2)CC1)c1ccc(C(=O)N2CCC(C(=O)c3ccc(-n4cccn4)cc3)CC2)nc1,594.6910000000001,4.535900000000004,1,7,6.050609993355087
CHEMBL2063926,inactive,CSc1ccccc1Nc1nc(N2CCN(C3CCNCC3)CC2)nc2c(NCC3CC3)ncnc12,505.6960000000004,3.5812000000000017,3,10,5.0
CHEMBL2338335,inactive,CN1C/C(=C\c2ccccn2)C(=O)[C@@H](Cc2ccccn2)C1,293.37,2.2334000000000005,0,4,5.0
CHEMBL2338334,inactive,CN1C/C(=C\c2ccccn2)C(=O)[C@H](Cc2ccccn2)C1,293.37,2.2334000000000005,0,4,5.0
CHEMBL2036343,inactive,O=C1/C(=C/c2ccccn2)CSC/C1=C\c1ccccn1,294.37899999999996,3.259500000000002,0,4,4.585026652029182
CHEMBL379849,inactive,O=C1/C(=C/c2ccccc2F)CNC/C1=C\c1ccccc1F,311.33099999999996,3.6041000000000025,1,2,4.337242168318426
CHEMBL3884319,active,CC1(C)C(=O)N([C@H]2CCc3c(O)cccc32)c2nc(Nc3ccccc3)ncc21,386.45500000000004,4.2375000000000025,2,5,7.008773924307505
CHEMBL4577258,active,CNc1nc(Nc2cnc(C#N)c(O[C@@H]3CCCNC3)c2)ncc1-c1cnn(C)c1,405.46600000000007,2.0598799999999997,3,10,6.968591535748375
CHEMBL3544911,active,COc1cccc(OCCCN)c1-c1cc(Nc2cnc(C#N)cn2)n[nH]1,365.397,2.2181799999999994,3,8,6.993020809425723
CHEMBL4569508,active,O=C(NCC(F)(F)F)c1cc(-c2cnn3cc(-c4ccc(OCCN5CCCCC5)cc4)cnc23)cs1,529.5880000000004,5.2816000000000045,1,7,8.0
CHEMBL4550702,active,Cn1cc(-c2cnc3c(-c4csc(C(=O)NCC(F)(F)F)c4)cnn3c2)cn1,406.39300000000003,3.150400000000001,1,7,7.585026652029182
CHEMBL4568087,active,Cn1cc(-c2cnc3c(-c4csc(C(=O)N[C@@H]5CCCC[C@@H]5N)c4)cnn3c2)cn1,421.5300000000002,2.8580000000000005,2,8,8.337242168318426
CHEMBL4552628,active,Cc1sc(C(=O)N[C@@H]2[C@H](N)CCCC2(F)F)cc1-c1cnn2cc(Cl)cnc12,425.89200000000005,3.664520000000002,2,6,7.275724130399211
CHEMBL4634634,inactive,C[C@@H]1C[C@H]1C(=O)N1CCN(c2cnc(C#N)c(-c3cnn(C)c3)n2)C[C@H]1C,365.4410000000001,1.4418799999999996,0,7,4.0
